id;nombre_evento;fecha;hora_inicio;hora_fin
1;Arizona hack;2019-10-21T01:19:31;2019-10-21T16:55:02;2019-10-20T23:59:28
2;input Naira;2019-10-21T14:02:16;2019-10-20T20:38:45;2019-10-21T10:07:57
3;Glen Refined;2019-10-21T07:03:25;2019-10-21T14:22:18;2019-10-21T09:15:57
4;auxiliary Strategist Arizona;2019-10-21T11:59:36;2019-10-20T22:21:02;2019-10-21T18:41:46
5;Principal Senior;2019-10-21T13:39:58;2019-10-21T06:26:44;2019-10-21T03:02:53
6;Sleek Tuna magenta;2019-10-21T12:40:12;2019-10-21T08:49:44;2019-10-20T19:50:17
7;Naira iterate;2019-10-21T02:02:51;2019-10-21T18:38:49;2019-10-20T21:46:19
8;Usability;2019-10-21T18:20:57;2019-10-20T22:22:18;2019-10-21T10:16:10
9;Generic B2B;2019-10-21T15:39:56;2019-10-21T15:13:23;2019-10-21T04:12:49
10;facilitate Persevering;2019-10-21T13:21:19;2019-10-21T17:52:20;2019-10-21T11:05:23
